layerName;execStatus;layerType;execType;realTime (ms);cpuTime (ms)
x;Status.NOT_RUN;Parameter;unknown_I8;0.000;0.000
Convert_4348;Status.EXECUTED;Subgraph;jit_avx2_I8;0.546;0.546
Convert_4348_abcd_acdb___module.model.model.0.conv/aten::_convolution/Convolution;Status.EXECUTED;Reorder;jit_uni_f32;0.852;0.852
__module.model.model.0.conv/aten::_convolution/Convolution;Status.EXECUTED;Convolution;brgconv_avx2_f32;1.518;1.518
__module.model.model.23.cv4.2.1.act/aten::silu_/Swish;Status.NOT_RUN;SwishCPU;undef;0.000;0.000
__module.model.model.1.conv/aten::_convolution/Convolution;Status.EXECUTED;Convolution;brgconv_avx2_f32;1.986;1.986
__module.model.model.23.cv4.2.1.act/aten::silu_/Swish_1;Status.NOT_RUN;SwishCPU;undef;0.000;0.000
__module.model.model.2.cv1.conv/aten::_convolution/Convolution;Status.EXECUTED;Convolution;brgconv_avx2_1x1_f32;0.748;0.748
__module.model.model.23.cv4.2.1.act/aten::silu_/Swish_2;Status.NOT_RUN;SwishCPU;undef;0.000;0.000
__module.model.model.2/prim::ListUnpack;Status.EXECUTED;VariadicSplit;ref_f32;0.356;0.356
__module.model.model.2.m.0.cv1.conv/aten::_convolution/Convolution;Status.EXECUTED;Convolution;brgconv_avx2_f32;0.457;0.457
__module.model.model.23.cv4.2.1.act/aten::silu_/Swish_3;Status.NOT_RUN;SwishCPU;undef;0.000;0.000
__module.model.model.2.m.0.cv2.conv/aten::_convolution/Convolution;Status.EXECUTED;Convolution;brgconv_avx2_f32;0.513;0.513
__module.model.model.23.cv4.2.1.act/aten::silu_/Swish_4;Status.NOT_RUN;SwishCPU;undef;0.000;0.000
__module.model.model.2.m.0/aten::add/Add;Status.EXECUTED;Subgraph;jit_avx2_f32;0.124;0.124
__module.model.model.2/aten::cat/Concat;Status.EXECUTED;Concat;ref_f32;0.519;0.519
__module.model.model.2.cv2.conv/aten::_convolution/Convolution;Status.EXECUTED;Convolution;brgconv_avx2_1x1_f32;1.573;1.573
__module.model.model.23.cv4.2.1.act/aten::silu_/Swish_5;Status.NOT_RUN;SwishCPU;undef;0.000;0.000
__module.model.model.3.conv/aten::_convolution/Convolution;Status.EXECUTED;Convolution;brgconv_avx2_f32;2.270;2.270
__module.model.model.23.cv4.2.1.act/aten::silu_/Swish_6;Status.NOT_RUN;SwishCPU;undef;0.000;0.000
__module.model.model.4.cv1.conv/aten::_convolution/Convolution;Status.EXECUTED;Convolution;brgconv_avx2_1x1_f32;0.485;0.485
__module.model.model.23.cv4.2.1.act/aten::silu_/Swish_7;Status.NOT_RUN;SwishCPU;undef;0.000;0.000
__module.model.model.4/prim::ListUnpack;Status.EXECUTED;VariadicSplit;ref_f32;0.093;0.093
__module.model.model.4.m.0.cv1.conv/aten::_convolution/Convolution;Status.EXECUTED;Convolution;brgconv_avx2_f32;0.323;0.323
__module.model.model.23.cv4.2.1.act/aten::silu_/Swish_8;Status.NOT_RUN;SwishCPU;undef;0.000;0.000
__module.model.model.4.m.0.cv2.conv/aten::_convolution/Convolution;Status.EXECUTED;Convolution;brgconv_avx2_f32;0.360;0.360
__module.model.model.23.cv4.2.1.act/aten::silu_/Swish_9;Status.NOT_RUN;SwishCPU;undef;0.000;0.000
__module.model.model.4.m.0/aten::add/Add;Status.EXECUTED;Subgraph;jit_avx2_f32;0.035;0.035
__module.model.model.4/aten::cat/Concat;Status.EXECUTED;Concat;ref_f32;0.104;0.104
__module.model.model.4.cv2.conv/aten::_convolution/Convolution;Status.EXECUTED;Convolution;brgconv_avx2_1x1_f32;1.206;1.206
__module.model.model.23.cv4.2.1.act/aten::silu_/Swish_10;Status.NOT_RUN;SwishCPU;undef;0.000;0.000
__module.model.model.5.conv/aten::_convolution/Convolution;Status.EXECUTED;Convolution;brgconv_avx2_f32;2.377;2.377
__module.model.model.23.cv4.2.1.act/aten::silu_/Swish_11;Status.NOT_RUN;SwishCPU;undef;0.000;0.000
__module.model.model.6.cv1.conv/aten::_convolution/Convolution;Status.EXECUTED;Convolution;brgconv_avx2_1x1_f32;0.373;0.373
__module.model.model.23.cv4.2.1.act/aten::silu_/Swish_12;Status.NOT_RUN;SwishCPU;undef;0.000;0.000
__module.model.model.6/prim::ListUnpack;Status.EXECUTED;VariadicSplit;ref_f32;0.035;0.035
__module.model.model.6.m.0.cv1.conv/aten::_convolution/Convolution;Status.EXECUTED;Convolution;brgconv_avx2_1x1_f32;0.070;0.070
__module.model.model.23.cv4.2.1.act/aten::silu_/Swish_13;Status.NOT_RUN;SwishCPU;undef;0.000;0.000
__module.model.model.6.m.0.m.0.cv1.conv/aten::_convolution/Convolution;Status.EXECUTED;Convolution;brgconv_avx2_f32;0.159;0.159
__module.model.model.23.cv4.2.1.act/aten::silu_/Swish_14;Status.NOT_RUN;SwishCPU;undef;0.000;0.000
__module.model.model.6.m.0.m.0.cv2.conv/aten::_convolution/Convolution;Status.EXECUTED;Convolution;brgconv_avx2_f32;0.163;0.163
__module.model.model.23.cv4.2.1.act/aten::silu_/Swish_15;Status.NOT_RUN;SwishCPU;undef;0.000;0.000
__module.model.model.6.m.0.m.0/aten::add/Add;Status.EXECUTED;Subgraph;jit_avx2_f32;0.007;0.007
__module.model.model.6.m.0.m.1.cv1.conv/aten::_convolution/Convolution;Status.EXECUTED;Convolution;brgconv_avx2_f32;0.154;0.154
__module.model.model.23.cv4.2.1.act/aten::silu_/Swish_16;Status.NOT_RUN;SwishCPU;undef;0.000;0.000
__module.model.model.6.m.0.m.1.cv2.conv/aten::_convolution/Convolution;Status.EXECUTED;Convolution;brgconv_avx2_f32;0.150;0.150
__module.model.model.23.cv4.2.1.act/aten::silu_/Swish_17;Status.NOT_RUN;SwishCPU;undef;0.000;0.000
__module.model.model.6.m.0.m.1/aten::add/Add;Status.EXECUTED;Subgraph;jit_avx2_f32;0.005;0.005
__module.model.model.6.m.0.cv2.conv/aten::_convolution/Convolution;Status.EXECUTED;Convolution;brgconv_avx2_1x1_f32;0.059;0.059
__module.model.model.23.cv4.2.1.act/aten::silu_/Swish_18;Status.NOT_RUN;SwishCPU;undef;0.000;0.000
__module.model.model.6.m.0/aten::cat/Concat;Status.EXECUTED;Concat;ref_f32;0.011;0.011
__module.model.model.6.m.0.cv3.conv/aten::_convolution/Convolution;Status.EXECUTED;Convolution;brgconv_avx2_1x1_f32;0.113;0.113
__module.model.model.23.cv4.2.1.act/aten::silu_/Swish_19;Status.NOT_RUN;SwishCPU;undef;0.000;0.000
__module.model.model.6/aten::cat/Concat;Status.EXECUTED;Concat;ref_f32;0.028;0.028
__module.model.model.6.cv2.conv/aten::_convolution/Convolution;Status.EXECUTED;Convolution;brgconv_avx2_1x1_f32;0.448;0.448
__module.model.model.23.cv4.2.1.act/aten::silu_/Swish_20;Status.NOT_RUN;SwishCPU;undef;0.000;0.000
__module.model.model.7.conv/aten::_convolution/Convolution;Status.EXECUTED;Convolution;brgconv_avx2_f32;1.168;1.168
__module.model.model.23.cv4.2.1.act/aten::silu_/Swish_21;Status.NOT_RUN;SwishCPU;undef;0.000;0.000
__module.model.model.8.cv1.conv/aten::_convolution/Convolution;Status.EXECUTED;Convolution;brgconv_avx2_1x1_f32;0.347;0.347
__module.model.model.23.cv4.2.1.act/aten::silu_/Swish_22;Status.NOT_RUN;SwishCPU;undef;0.000;0.000
__module.model.model.8/prim::ListUnpack;Status.EXECUTED;VariadicSplit;ref_f32;0.016;0.016
__module.model.model.8.m.0.cv1.conv/aten::_convolution/Convolution;Status.EXECUTED;Convolution;brgconv_avx2_1x1_f32;0.057;0.057
__module.model.model.23.cv4.2.1.act/aten::silu_/Swish_23;Status.NOT_RUN;SwishCPU;undef;0.000;0.000
__module.model.model.8.m.0.m.0.cv1.conv/aten::_convolution/Convolution;Status.EXECUTED;Convolution;brgconv_avx2_f32;0.167;0.167
__module.model.model.23.cv4.2.1.act/aten::silu_/Swish_24;Status.NOT_RUN;SwishCPU;undef;0.000;0.000
__module.model.model.8.m.0.m.0.cv2.conv/aten::_convolution/Convolution;Status.EXECUTED;Convolution;brgconv_avx2_f32;0.166;0.166
__module.model.model.23.cv4.2.1.act/aten::silu_/Swish_25;Status.NOT_RUN;SwishCPU;undef;0.000;0.000
__module.model.model.8.m.0.m.0/aten::add/Add;Status.EXECUTED;Subgraph;jit_avx2_f32;0.006;0.006
__module.model.model.8.m.0.m.1.cv1.conv/aten::_convolution/Convolution;Status.EXECUTED;Convolution;brgconv_avx2_f32;0.166;0.166
__module.model.model.23.cv4.2.1.act/aten::silu_/Swish_26;Status.NOT_RUN;SwishCPU;undef;0.000;0.000
__module.model.model.8.m.0.m.1.cv2.conv/aten::_convolution/Convolution;Status.EXECUTED;Convolution;brgconv_avx2_f32;0.164;0.164
__module.model.model.23.cv4.2.1.act/aten::silu_/Swish_27;Status.NOT_RUN;SwishCPU;undef;0.000;0.000
__module.model.model.8.m.0.m.1/aten::add/Add;Status.EXECUTED;Subgraph;jit_avx2_f32;0.004;0.004
__module.model.model.8.m.0.cv2.conv/aten::_convolution/Convolution;Status.EXECUTED;Convolution;brgconv_avx2_1x1_f32;0.048;0.048
__module.model.model.23.cv4.2.1.act/aten::silu_/Swish_28;Status.NOT_RUN;SwishCPU;undef;0.000;0.000
__module.model.model.8.m.0/aten::cat/Concat;Status.EXECUTED;Concat;ref_f32;0.007;0.007
__module.model.model.8.m.0.cv3.conv/aten::_convolution/Convolution;Status.EXECUTED;Convolution;brgconv_avx2_1x1_f32;0.093;0.093
__module.model.model.23.cv4.2.1.act/aten::silu_/Swish_29;Status.NOT_RUN;SwishCPU;undef;0.000;0.000
__module.model.model.8/aten::cat/Concat;Status.EXECUTED;Concat;ref_f32;0.016;0.016
__module.model.model.8.cv2.conv/aten::_convolution/Convolution;Status.EXECUTED;Convolution;brgconv_avx2_1x1_f32;0.425;0.425
__module.model.model.23.cv4.2.1.act/aten::silu_/Swish_30;Status.NOT_RUN;SwishCPU;undef;0.000;0.000
__module.model.model.9.cv1.conv/aten::_convolution/Convolution;Status.EXECUTED;Convolution;brgconv_avx2_1x1_f32;0.154;0.154
__module.model.model.23.cv4.2.1.act/aten::silu_/Swish_31;Status.NOT_RUN;SwishCPU;undef;0.000;0.000
__module.model.model.9.m/aten::max_pool2d/MaxPool;Status.EXECUTED;MaxPool;jit_avx2_f32;0.046;0.046
__module.model.model.9.m/aten::max_pool2d/MaxPool_1;Status.EXECUTED;MaxPool;jit_avx2_f32;0.042;0.042
__module.model.model.9.m/aten::max_pool2d/MaxPool_2;Status.EXECUTED;MaxPool;jit_avx2_f32;0.041;0.041
__module.model.model.9/aten::cat/Concat;Status.EXECUTED;Concat;ref_f32;0.019;0.019
__module.model.model.9.cv2.conv/aten::_convolution/Convolution;Status.EXECUTED;Convolution;brgconv_avx2_1x1_f32;0.556;0.556
__module.model.model.23.cv4.2.1.act/aten::silu_/Swish_32;Status.NOT_RUN;SwishCPU;undef;0.000;0.000
__module.model.model.10.cv1.conv/aten::_convolution/Convolution;Status.EXECUTED;Convolution;brgconv_avx2_1x1_f32;0.296;0.296
__module.model.model.23.cv4.2.1.act/aten::silu_/Swish_33;Status.NOT_RUN;SwishCPU;undef;0.000;0.000
__module.model.model.10/prim::ListUnpack;Status.EXECUTED;VariadicSplit;ref_f32;0.021;0.021
__module.model.model.10.m.0.attn.qkv.conv/aten::_convolution/Convolution;Status.EXECUTED;Convolution;brgconv_avx2_1x1_f32;0.128;0.128
__module.model.model.10.m.0.attn.qkv.conv/aten::_convolution/Convolution_acdb_abcd___module.model.model.10.m.0.attn/aten::view/Reshape;Status.EXECUTED;Reorder;jit_uni_f32;0.019;0.019
__module.model.model.10.m.0.attn/aten::view/Reshape;Status.NOT_RUN;Reshape;unknown_f32;0.000;0.000
__module.model.model.10.m.0.attn/prim::ListUnpack;Status.EXECUTED;VariadicSplit;ref_f32;0.045;0.045
__module.model.model.10.m.0.attn/aten::reshape/Reshape;Status.NOT_RUN;Reshape;unknown_f32;0.000;0.000
__module.model.model.10.m.0.attn/aten::reshape/Reshape_abcd_acdb___module.model.model.10.m.0.attn.pe.conv/aten::_convolution/GroupConvolution;Status.EXECUTED;Reorder;jit_uni_f32;0.013;0.013
Multiply_29894;Status.EXECUTED;Subgraph;jit_avx2_f32;0.007;0.007
__module.model.model.10.m.0.attn/aten::mul/Multiply_1;Status.EXECUTED;MatMul;jit_gemm_f32;0.362;0.362
__module.model.model.10.m.0.attn/aten::softmax/Softmax;Status.EXECUTED;Softmax;jit_avx2_f32;0.106;0.106
__module.model.model.10.m.0.attn/aten::matmul/MatMul_1;Status.EXECUTED;MatMul;jit_gemm_f32;0.647;0.647
__module.model.model.10.m.0.attn/aten::view/Reshape_1;Status.NOT_RUN;Reshape;unknown_f32;0.000;0.000
__module.model.model.10.m.0.attn/aten::view/Reshape_1_abcd_acdb___module.model.model.10.m.0.attn.pe.conv/aten::_convolution/GroupConvolution;Status.EXECUTED;Reorder;jit_uni_f32;0.014;0.014
__module.model.model.10.m.0.attn.pe.conv/aten::_convolution/GroupConvolution;Status.EXECUTED;GroupConvolution;brgconv_avx2_dw_f32;0.020;0.020
__module.model.model.10.m.0.attn/aten::add/Add;Status.NOT_RUN;Add;undef;0.000;0.000
__module.model.model.10.m.0.attn.proj.conv/aten::_convolution/Convolution;Status.EXECUTED;Convolution;brgconv_avx2_1x1_f32;0.065;0.065
__module.model.model.10.m.0/aten::add/Add;Status.EXECUTED;Add;jit_avx2_f32;0.011;0.011
__module.model.model.10.m.0.ffn.0.conv/aten::_convolution/Convolution;Status.EXECUTED;Convolution;brgconv_avx2_1x1_f32;0.165;0.165
__module.model.model.23.cv4.2.1.act/aten::silu_/Swish_34;Status.NOT_RUN;SwishCPU;undef;0.000;0.000
__module.model.model.10.m.0.ffn.1.conv/aten::_convolution/Convolution;Status.EXECUTED;Convolution;brgconv_avx2_1x1_f32;0.119;0.119
__module.model.model.10.m.0/aten::add/Add_1;Status.NOT_RUN;Add;undef;0.000;0.000
__module.model.model.10/aten::cat/Concat;Status.EXECUTED;Concat;ref_f32;0.014;0.014
__module.model.model.10.cv2.conv/aten::_convolution/Convolution;Status.EXECUTED;Convolution;brgconv_avx2_1x1_f32;0.325;0.325
__module.model.model.23.cv4.2.1.act/aten::silu_/Swish_35;Status.NOT_RUN;SwishCPU;undef;0.000;0.000
__module.model.model.11/aten::upsample_nearest2d/Interpolate;Status.EXECUTED;Interpolate;jit_avx2_f32;0.076;0.076
__module.model.model.12/aten::cat/Concat;Status.EXECUTED;Concat;ref_f32;0.092;0.092
__module.model.model.13.cv1.conv/aten::_convolution/Convolution;Status.EXECUTED;Convolution;brgconv_avx2_1x1_f32;0.817;0.817
__module.model.model.23.cv4.2.1.act/aten::silu_/Swish_36;Status.NOT_RUN;SwishCPU;undef;0.000;0.000
__module.model.model.13/prim::ListUnpack;Status.EXECUTED;VariadicSplit;ref_f32;0.039;0.039
__module.model.model.13.m.0.cv1.conv/aten::_convolution/Convolution;Status.EXECUTED;Convolution;brgconv_avx2_f32;0.289;0.289
__module.model.model.23.cv4.2.1.act/aten::silu_/Swish_37;Status.NOT_RUN;SwishCPU;undef;0.000;0.000
__module.model.model.13.m.0.cv2.conv/aten::_convolution/Convolution;Status.EXECUTED;Convolution;brgconv_avx2_f32;0.330;0.330
__module.model.model.23.cv4.2.1.act/aten::silu_/Swish_38;Status.NOT_RUN;SwishCPU;undef;0.000;0.000
__module.model.model.13.m.0/aten::add/Add;Status.EXECUTED;Subgraph;jit_avx2_f32;0.017;0.017
__module.model.model.13/aten::cat/Concat;Status.EXECUTED;Concat;ref_f32;0.040;0.040
__module.model.model.13.cv2.conv/aten::_convolution/Convolution;Status.EXECUTED;Convolution;brgconv_avx2_1x1_f32;0.482;0.482
__module.model.model.23.cv4.2.1.act/aten::silu_/Swish_39;Status.NOT_RUN;SwishCPU;undef;0.000;0.000
__module.model.model.14/aten::upsample_nearest2d/Interpolate;Status.EXECUTED;Interpolate;jit_avx2_f32;0.216;0.216
__module.model.model.15/aten::cat/Concat;Status.EXECUTED;Concat;ref_f32;0.605;0.605
__module.model.model.16.cv1.conv/aten::_convolution/Convolution;Status.EXECUTED;Convolution;brgconv_avx2_1x1_f32;1.408;1.408
__module.model.model.23.cv4.2.1.act/aten::silu_/Swish_40;Status.NOT_RUN;SwishCPU;undef;0.000;0.000
__module.model.model.16/prim::ListUnpack;Status.EXECUTED;VariadicSplit;ref_f32;0.127;0.127
__module.model.model.16.m.0.cv1.conv/aten::_convolution/Convolution;Status.EXECUTED;Convolution;brgconv_avx2_f32;0.348;0.348
__module.model.model.23.cv4.2.1.act/aten::silu_/Swish_41;Status.NOT_RUN;SwishCPU;undef;0.000;0.000
__module.model.model.16.m.0.cv2.conv/aten::_convolution/Convolution;Status.EXECUTED;Convolution;brgconv_avx2_f32;0.364;0.364
__module.model.model.23.cv4.2.1.act/aten::silu_/Swish_42;Status.NOT_RUN;SwishCPU;undef;0.000;0.000
__module.model.model.16.m.0/aten::add/Add;Status.EXECUTED;Subgraph;jit_avx2_f32;0.041;0.041
__module.model.model.16/aten::cat/Concat;Status.EXECUTED;Concat;ref_f32;0.097;0.097
__module.model.model.16.cv2.conv/aten::_convolution/Convolution;Status.EXECUTED;Convolution;brgconv_avx2_1x1_f32;0.554;0.554
__module.model.model.23.cv4.2.1.act/aten::silu_/Swish_43;Status.NOT_RUN;SwishCPU;undef;0.000;0.000
__module.model.model.23.cv2.0.0.conv/aten::_convolution/Convolution;Status.EXECUTED;Convolution;brgconv_avx2_f32;2.202;2.202
__module.model.model.23.cv4.2.1.act/aten::silu_/Swish_44;Status.NOT_RUN;SwishCPU;undef;0.000;0.000
__module.model.model.23.cv2.0.1.conv/aten::_convolution/Convolution;Status.EXECUTED;Convolution;brgconv_avx2_f32;2.312;2.312
__module.model.model.23.cv4.2.1.act/aten::silu_/Swish_45;Status.NOT_RUN;SwishCPU;undef;0.000;0.000
__module.model.model.23.cv2.0.2/aten::_convolution/Convolution;Status.EXECUTED;Convolution;brgconv_avx2_1x1_f32;0.415;0.415
__module.model.model.23.cv3.0.0.0.conv/aten::_convolution/GroupConvolution;Status.EXECUTED;GroupConvolution;brgconv_avx2_dw_f32;0.325;0.325
__module.model.model.23.cv4.2.1.act/aten::silu_/Swish_46;Status.NOT_RUN;SwishCPU;undef;0.000;0.000
__module.model.model.23.cv3.0.0.1.conv/aten::_convolution/Convolution;Status.EXECUTED;Convolution;brgconv_avx2_1x1_f32;0.450;0.450
__module.model.model.23.cv4.2.1.act/aten::silu_/Swish_47;Status.NOT_RUN;SwishCPU;undef;0.000;0.000
__module.model.model.23.cv3.0.1.0.conv/aten::_convolution/GroupConvolution;Status.EXECUTED;GroupConvolution;brgconv_avx2_dw_f32;0.322;0.322
__module.model.model.23.cv4.2.1.act/aten::silu_/Swish_48;Status.NOT_RUN;SwishCPU;undef;0.000;0.000
__module.model.model.23.cv3.0.1.1.conv/aten::_convolution/Convolution;Status.EXECUTED;Convolution;brgconv_avx2_1x1_f32;0.468;0.468
__module.model.model.23.cv4.2.1.act/aten::silu_/Swish_49;Status.NOT_RUN;SwishCPU;undef;0.000;0.000
__module.model.model.23.cv3.0.2/aten::_convolution/Convolution;Status.EXECUTED;Convolution;brgconv_avx2_1x1_f32;0.105;0.105
__module.model.model.23/aten::cat/Concat;Status.EXECUTED;Concat;ref_f32;0.106;0.106
__module.model.model.23/aten::cat/Concat_acdb_abcd___module.model.model.23/aten::view/Reshape_3;Status.EXECUTED;Reorder;jit_uni_f32;0.174;0.174
__module.model.model.23/aten::view/Reshape_3;Status.NOT_RUN;Reshape;unknown_f32;0.000;0.000
__module.model.model.17.conv/aten::_convolution/Convolution;Status.EXECUTED;Convolution;brgconv_avx2_f32;0.633;0.633
__module.model.model.23.cv4.2.1.act/aten::silu_/Swish_50;Status.NOT_RUN;SwishCPU;undef;0.000;0.000
__module.model.model.18/aten::cat/Concat;Status.EXECUTED;Concat;ref_f32;0.080;0.080
__module.model.model.19.cv1.conv/aten::_convolution/Convolution;Status.EXECUTED;Convolution;brgconv_avx2_1x1_f32;0.468;0.468
__module.model.model.23.cv4.2.1.act/aten::silu_/Swish_51;Status.NOT_RUN;SwishCPU;undef;0.000;0.000
__module.model.model.19/prim::ListUnpack;Status.EXECUTED;VariadicSplit;ref_f32;0.037;0.037
__module.model.model.19.m.0.cv1.conv/aten::_convolution/Convolution;Status.EXECUTED;Convolution;brgconv_avx2_f32;0.278;0.278
__module.model.model.23.cv4.2.1.act/aten::silu_/Swish_52;Status.NOT_RUN;SwishCPU;undef;0.000;0.000
__module.model.model.19.m.0.cv2.conv/aten::_convolution/Convolution;Status.EXECUTED;Convolution;brgconv_avx2_f32;0.299;0.299
__module.model.model.23.cv4.2.1.act/aten::silu_/Swish_53;Status.NOT_RUN;SwishCPU;undef;0.000;0.000
__module.model.model.19.m.0/aten::add/Add;Status.EXECUTED;Subgraph;jit_avx2_f32;0.012;0.012
__module.model.model.19/aten::cat/Concat;Status.EXECUTED;Concat;ref_f32;0.026;0.026
__module.model.model.19.cv2.conv/aten::_convolution/Convolution;Status.EXECUTED;Convolution;brgconv_avx2_1x1_f32;0.456;0.456
__module.model.model.23.cv4.2.1.act/aten::silu_/Swish_54;Status.NOT_RUN;SwishCPU;undef;0.000;0.000
__module.model.model.23.cv2.1.0.conv/aten::_convolution/Convolution;Status.EXECUTED;Convolution;brgconv_avx2_f32;1.066;1.066
__module.model.model.23.cv4.2.1.act/aten::silu_/Swish_55;Status.NOT_RUN;SwishCPU;undef;0.000;0.000
__module.model.model.23.cv2.1.1.conv/aten::_convolution/Convolution;Status.EXECUTED;Convolution;brgconv_avx2_f32;0.550;0.550
__module.model.model.23.cv4.2.1.act/aten::silu_/Swish_56;Status.NOT_RUN;SwishCPU;undef;0.000;0.000
__module.model.model.23.cv2.1.2/aten::_convolution/Convolution;Status.EXECUTED;Convolution;brgconv_avx2_1x1_f32;0.060;0.060
__module.model.model.23.cv3.1.0.0.conv/aten::_convolution/GroupConvolution;Status.EXECUTED;GroupConvolution;brgconv_avx2_dw_f32;0.127;0.127
__module.model.model.23.cv4.2.1.act/aten::silu_/Swish_57;Status.NOT_RUN;SwishCPU;undef;0.000;0.000
__module.model.model.23.cv3.1.0.1.conv/aten::_convolution/Convolution;Status.EXECUTED;Convolution;brgconv_avx2_1x1_f32;0.166;0.166
__module.model.model.23.cv4.2.1.act/aten::silu_/Swish_58;Status.NOT_RUN;SwishCPU;undef;0.000;0.000
__module.model.model.23.cv3.1.1.0.conv/aten::_convolution/GroupConvolution;Status.EXECUTED;GroupConvolution;brgconv_avx2_dw_f32;0.069;0.069
__module.model.model.23.cv4.2.1.act/aten::silu_/Swish_59;Status.NOT_RUN;SwishCPU;undef;0.000;0.000
__module.model.model.23.cv3.1.1.1.conv/aten::_convolution/Convolution;Status.EXECUTED;Convolution;brgconv_avx2_1x1_f32;0.112;0.112
__module.model.model.23.cv4.2.1.act/aten::silu_/Swish_60;Status.NOT_RUN;SwishCPU;undef;0.000;0.000
__module.model.model.23.cv3.1.2/aten::_convolution/Convolution;Status.EXECUTED;Convolution;brgconv_avx2_1x1_f32;0.018;0.018
__module.model.model.23/aten::cat/Concat_1;Status.EXECUTED;Concat;ref_f32;0.014;0.014
__module.model.model.23/aten::cat/Concat_1_acdb_abcd___module.model.model.23/aten::view/Reshape_4;Status.EXECUTED;Reorder;jit_uni_f32;0.045;0.045
__module.model.model.23/aten::view/Reshape_4;Status.NOT_RUN;Reshape;unknown_f32;0.000;0.000
__module.model.model.20.conv/aten::_convolution/Convolution;Status.EXECUTED;Convolution;brgconv_avx2_f32;0.584;0.584
__module.model.model.23.cv4.2.1.act/aten::silu_/Swish_61;Status.NOT_RUN;SwishCPU;undef;0.000;0.000
__module.model.model.21/aten::cat/Concat;Status.EXECUTED;Concat;ref_f32;0.028;0.028
__module.model.model.22.cv1.conv/aten::_convolution/Convolution;Status.EXECUTED;Convolution;brgconv_avx2_1x1_f32;0.435;0.435
__module.model.model.23.cv4.2.1.act/aten::silu_/Swish_62;Status.NOT_RUN;SwishCPU;undef;0.000;0.000
__module.model.model.22/prim::ListUnpack;Status.EXECUTED;VariadicSplit;ref_f32;0.013;0.013
__module.model.model.22.m.0.cv1.conv/aten::_convolution/Convolution;Status.EXECUTED;Convolution;brgconv_avx2_1x1_f32;0.048;0.048
__module.model.model.23.cv4.2.1.act/aten::silu_/Swish_63;Status.NOT_RUN;SwishCPU;undef;0.000;0.000
__module.model.model.22.m.0.m.0.cv1.conv/aten::_convolution/Convolution;Status.EXECUTED;Convolution;brgconv_avx2_f32;0.168;0.168
__module.model.model.23.cv4.2.1.act/aten::silu_/Swish_64;Status.NOT_RUN;SwishCPU;undef;0.000;0.000
__module.model.model.22.m.0.m.0.cv2.conv/aten::_convolution/Convolution;Status.EXECUTED;Convolution;brgconv_avx2_f32;0.164;0.164
__module.model.model.23.cv4.2.1.act/aten::silu_/Swish_65;Status.NOT_RUN;SwishCPU;undef;0.000;0.000
__module.model.model.22.m.0.m.0/aten::add/Add;Status.EXECUTED;Subgraph;jit_avx2_f32;0.006;0.006
__module.model.model.22.m.0.m.1.cv1.conv/aten::_convolution/Convolution;Status.EXECUTED;Convolution;brgconv_avx2_f32;0.167;0.167
__module.model.model.23.cv4.2.1.act/aten::silu_/Swish_66;Status.NOT_RUN;SwishCPU;undef;0.000;0.000
__module.model.model.22.m.0.m.1.cv2.conv/aten::_convolution/Convolution;Status.EXECUTED;Convolution;brgconv_avx2_f32;0.196;0.196
__module.model.model.23.cv4.2.1.act/aten::silu_/Swish_67;Status.NOT_RUN;SwishCPU;undef;0.000;0.000
__module.model.model.22.m.0.m.1/aten::add/Add;Status.EXECUTED;Subgraph;jit_avx2_f32;0.005;0.005
__module.model.model.22.m.0.cv2.conv/aten::_convolution/Convolution;Status.EXECUTED;Convolution;brgconv_avx2_1x1_f32;0.049;0.049
__module.model.model.23.cv4.2.1.act/aten::silu_/Swish_68;Status.NOT_RUN;SwishCPU;undef;0.000;0.000
__module.model.model.22.m.0/aten::cat/Concat;Status.EXECUTED;Concat;ref_f32;0.007;0.007
__module.model.model.22.m.0.cv3.conv/aten::_convolution/Convolution;Status.EXECUTED;Convolution;brgconv_avx2_1x1_f32;0.093;0.093
__module.model.model.23.cv4.2.1.act/aten::silu_/Swish_69;Status.NOT_RUN;SwishCPU;undef;0.000;0.000
__module.model.model.22/aten::cat/Concat;Status.EXECUTED;Concat;ref_f32;0.016;0.016
__module.model.model.22.cv2.conv/aten::_convolution/Convolution;Status.EXECUTED;Convolution;brgconv_avx2_1x1_f32;0.439;0.439
__module.model.model.23.cv4.2.1.act/aten::silu_/Swish_70;Status.NOT_RUN;SwishCPU;undef;0.000;0.000
__module.model.model.23.cv2.2.0.conv/aten::_convolution/Convolution;Status.EXECUTED;Convolution;brgconv_avx2_f32;0.618;0.618
__module.model.model.23.cv4.2.1.act/aten::silu_/Swish_71;Status.NOT_RUN;SwishCPU;undef;0.000;0.000
__module.model.model.23.cv2.2.1.conv/aten::_convolution/Convolution;Status.EXECUTED;Convolution;brgconv_avx2_f32;0.177;0.177
__module.model.model.23.cv4.2.1.act/aten::silu_/Swish_72;Status.NOT_RUN;SwishCPU;undef;0.000;0.000
__module.model.model.23.cv2.2.2/aten::_convolution/Convolution;Status.EXECUTED;Convolution;brgconv_avx2_1x1_f32;0.021;0.021
__module.model.model.23.cv3.2.0.0.conv/aten::_convolution/GroupConvolution;Status.EXECUTED;GroupConvolution;brgconv_avx2_dw_f32;0.069;0.069
__module.model.model.23.cv4.2.1.act/aten::silu_/Swish_73;Status.NOT_RUN;SwishCPU;undef;0.000;0.000
__module.model.model.23.cv3.2.0.1.conv/aten::_convolution/Convolution;Status.EXECUTED;Convolution;brgconv_avx2_1x1_f32;0.076;0.076
__module.model.model.23.cv4.2.1.act/aten::silu_/Swish_74;Status.NOT_RUN;SwishCPU;undef;0.000;0.000
__module.model.model.23.cv3.2.1.0.conv/aten::_convolution/GroupConvolution;Status.EXECUTED;GroupConvolution;brgconv_avx2_dw_f32;0.021;0.021
__module.model.model.23.cv4.2.1.act/aten::silu_/Swish_75;Status.NOT_RUN;SwishCPU;undef;0.000;0.000
__module.model.model.23.cv3.2.1.1.conv/aten::_convolution/Convolution;Status.EXECUTED;Convolution;brgconv_avx2_1x1_f32;0.030;0.030
__module.model.model.23.cv4.2.1.act/aten::silu_/Swish_76;Status.NOT_RUN;SwishCPU;undef;0.000;0.000
__module.model.model.23.cv3.2.2/aten::_convolution/Convolution;Status.EXECUTED;Convolution;brgconv_avx2_1x1_f32;0.008;0.008
__module.model.model.23/aten::cat/Concat_2;Status.EXECUTED;Concat;ref_f32;0.007;0.007
__module.model.model.23/aten::cat/Concat_2_acdb_abcd___module.model.model.23/aten::view/Reshape_5;Status.EXECUTED;Reorder;jit_uni_f32;0.014;0.014
__module.model.model.23/aten::view/Reshape_5;Status.NOT_RUN;Reshape;unknown_f32;0.000;0.000
__module.model.model.23/aten::cat/Concat_4;Status.EXECUTED;Concat;ref_f32;0.158;0.158
__module.model.model.23/prim::ListUnpack;Status.NOT_RUN;VariadicSplit;unknown_f32;0.000;0.000
__module.model.model.23.dfl/aten::view/Reshape;Status.NOT_RUN;Reshape;unknown_f32;0.000;0.000
__module.model.model.23.dfl/aten::transpose/Transpose;Status.EXECUTED;Transpose;unknown_f32;0.110;0.110
__module.model.model.23.dfl/aten::softmax/Softmax;Status.EXECUTED;Softmax;jit_avx2_f32;0.169;0.169
__module.model.model.23.dfl/aten::softmax/Softmax_abcd_acdb___module.model.model.23.dfl.conv/aten::_convolution/Convolution;Status.EXECUTED;Reorder;jit_f32;0.093;0.093
__module.model.model.23.dfl.conv/aten::_convolution/Convolution;Status.EXECUTED;Convolution;brgconv_avx2_1x1_f32;0.065;0.065
__module.model.model.23.dfl.conv/aten::_convolution/Convolution_acdb_abcd___module.model.model.23.dfl/aten::view/Reshape_1;Status.NOT_RUN;Reorder;reorder_f32;0.000;0.000
__module.model.model.23.dfl/aten::view/Reshape_1;Status.NOT_RUN;Reshape;unknown_f32;0.000;0.000
__module.model.model.23/prim::ListUnpack/VariadicSplit;Status.NOT_RUN;VariadicSplit;unknown_f32;0.000;0.000
__module.model.model.23/aten::sub/Subtract;Status.EXECUTED;Subgraph;jit_avx2_f32;0.010;0.010
__module.model.model.23/aten::add/Add_6;Status.EXECUTED;Subgraph;jit_avx2_f32;0.006;0.006
__module.model.model.23/aten::cat/Concat_5;Status.NOT_RUN;Concat;unknown_f32;0.000;0.000
__module.model.model.23/aten::mul/Multiply_3;Status.EXECUTED;Subgraph;jit_avx2_f32;0.007;0.007
__module.model.model.23/aten::sigmoid/Sigmoid;Status.EXECUTED;Subgraph;jit_avx2_f32;0.069;0.069
__module.model.model.23.cv4.0.0.conv/aten::_convolution/Convolution;Status.EXECUTED;Convolution;brgconv_avx2_f32;0.564;0.564
__module.model.model.23.cv4.2.1.act/aten::silu_/Swish_77;Status.NOT_RUN;SwishCPU;undef;0.000;0.000
__module.model.model.23.cv4.0.1.conv/aten::_convolution/Convolution;Status.EXECUTED;Convolution;brgconv_avx2_f32;0.196;0.196
__module.model.model.23.cv4.2.1.act/aten::silu_/Swish_78;Status.NOT_RUN;SwishCPU;undef;0.000;0.000
__module.model.model.23.cv4.0.2/aten::_convolution/Convolution;Status.EXECUTED;Convolution;brgconv_avx2_1x1_f32;0.026;0.026
__module.model.model.23.cv4.0.2/aten::_convolution/Convolution_acdb_abcd___module.model.model.23/aten::view/Reshape_6;Status.EXECUTED;Reorder;jit_uni_f32;0.030;0.030
__module.model.model.23/aten::view/Reshape_6;Status.NOT_RUN;Reshape;unknown_f32;0.000;0.000
__module.model.model.23.cv4.1.0.conv/aten::_convolution/Convolution;Status.EXECUTED;Convolution;brgconv_avx2_f32;0.279;0.279
__module.model.model.23.cv4.2.1.act/aten::silu_/Swish_79;Status.NOT_RUN;SwishCPU;undef;0.000;0.000
__module.model.model.23.cv4.1.1.conv/aten::_convolution/Convolution;Status.EXECUTED;Convolution;brgconv_avx2_f32;0.052;0.052
__module.model.model.23.cv4.2.1.act/aten::silu_/Swish_80;Status.NOT_RUN;SwishCPU;undef;0.000;0.000
__module.model.model.23.cv4.1.2/aten::_convolution/Convolution;Status.EXECUTED;Convolution;brgconv_avx2_1x1_f32;0.014;0.014
__module.model.model.23.cv4.1.2/aten::_convolution/Convolution_acdb_abcd___module.model.model.23/aten::view/Reshape_7;Status.EXECUTED;Reorder;jit_uni_f32;0.010;0.010
__module.model.model.23/aten::view/Reshape_7;Status.NOT_RUN;Reshape;unknown_f32;0.000;0.000
__module.model.model.23.cv4.2.0.conv/aten::_convolution/Convolution;Status.EXECUTED;Convolution;brgconv_avx2_f32;0.149;0.149
__module.model.model.23.cv4.2.1.act/aten::silu_/Swish_81;Status.NOT_RUN;SwishCPU;undef;0.000;0.000
__module.model.model.23.cv4.2.1.conv/aten::_convolution/Convolution;Status.EXECUTED;Convolution;brgconv_avx2_f32;0.020;0.020
__module.model.model.23.cv4.2.1.act/aten::silu_/Swish_82;Status.NOT_RUN;SwishCPU;undef;0.000;0.000
__module.model.model.23.cv4.2.2/aten::_convolution/Convolution;Status.EXECUTED;Convolution;brgconv_avx2_1x1_f32;0.006;0.006
__module.model.model.23.cv4.2.2/aten::_convolution/Convolution_acdb_abcd___module.model.model.23/aten::view/Reshape_8;Status.EXECUTED;Reorder;jit_uni_f32;0.005;0.005
__module.model.model.23/aten::view/Reshape_8;Status.NOT_RUN;Reshape;unknown_f32;0.000;0.000
__module.model.model.23/aten::cat/Concat_7;Status.EXECUTED;Concat;ref_f32;0.016;0.016
__module.model.model.23/aten::view/Reshape_9;Status.NOT_RUN;Reshape;unknown_f32;0.000;0.000
VariadicSplit_9524;Status.EXECUTED;VariadicSplit;ref_f32;0.018;0.018
__module.model.model.23/aten::mul/Multiply_5;Status.EXECUTED;Subgraph;jit_avx2_f32;0.022;0.022
__module.model.model.23/aten::sigmoid/Sigmoid_1;Status.EXECUTED;Subgraph;jit_avx2_f32;0.014;0.014
__module.model.model.23/aten::cat/Concat_8;Status.EXECUTED;Concat;ref_f32;0.014;0.014
__module.model.model.23/aten::view/Reshape_10;Status.NOT_RUN;Reshape;unknown_f32;0.000;0.000
__module.model.model.23/aten::cat/Concat_9;Status.NOT_RUN;Concat;unknown_f32;0.000;0.000
aten::transpose/Transpose;Status.EXECUTED;Transpose;unknown_f32;0.080;0.080
prim::ListUnpack;Status.EXECUTED;VariadicSplit;ref_f32;0.074;0.074
aten::select/Gather;Status.NOT_RUN;Reshape;unknown_f32;0.000;0.000
aten::max/ReduceMax;Status.EXECUTED;ReduceMax;jit_avx2_f32;0.029;0.029
aten::select/Gather_1;Status.NOT_RUN;Reshape;unknown_f32;0.000;0.000
aten::gt/Greater;Status.EXECUTED;Subgraph;jit_avx2_f32;0.004;0.004
aten::index/NonZero;Status.EXECUTED;NonZero;ref_I8;0.016;0.016
aten::index/Transpose;Status.NOT_RUN;Reshape;unknown_i32;0.000;0.000
aten::index/GatherND;Status.EXECUTED;GatherND;ref_any_f32;0.004;0.004
aten::div/Divide;Status.EXECUTED;PowerStatic;jit_avx2_f32;0.004;0.004
aten::slice/Slice_1;Status.EXECUTED;Slice;ref_f32;0.002;0.002
aten::max/TopK;Status.EXECUTED;TopK;jit_avx2_f32;0.052;0.052
aten::select/Gather_2;Status.NOT_RUN;Reshape;unknown_i32;0.000;0.000
aten::index/GatherND_1;Status.EXECUTED;GatherND;ref_any_i32;0.002;0.002
aten::reshape/Reshape;Status.NOT_RUN;Reshape;unknown_i32;0.000;0.000
aten::size/ShapeOf_3;Status.NOT_RUN;ShapeOf;ref_f32;0.000;0.000
Broadcast_11488;Status.EXECUTED;Broadcast;ref_i32;0.002;0.002
aten::expand/Broadcast;Status.EXECUTED;Multiply;jit_avx2_i32;0.004;0.004
aten::add/Convert;Status.EXECUTED;Convert;ref_i32;0.009;0.009
aten::add/Add_2;Status.EXECUTED;Add;jit_avx2_f32;0.002;0.002
torchvision::nms/Reshape;Status.NOT_RUN;Reshape;unknown_f32;0.000;0.000
aten::index/GatherND_2;Status.EXECUTED;GatherND;ref_any_f32;0.001;0.001
torchvision::nms/Unsqueeze;Status.NOT_RUN;Reshape;unknown_f32;0.000;0.000
torchvision::nms/NonMaxSuppression;Status.EXECUTED;NonMaxSuppression;jit_avx2_f32;0.016;0.016
torchvision::nms/Gather;Status.EXECUTED;Gather;jit_avx2_i32;0.004;0.004
torchvision::nms/Squeeze;Status.NOT_RUN;Reshape;unknown_i32;0.000;0.000
aten::slice/Slice_4;Status.EXECUTED;Slice;ref_i32;0.001;0.001
aten::index/Gather;Status.EXECUTED;Gather;ref_any_f32;0.002;0.002
aten::index/Gather_1;Status.EXECUTED;Gather;jit_avx2_f32;0.002;0.002
aten::view/Reshape;Status.NOT_RUN;Reshape;unknown_f32;0.000;0.000
aten::index/Gather_2;Status.NOT_RUN;Gather;ref_any_i32;0.000;0.000
aten::view/Reshape_1;Status.NOT_RUN;Reshape;unknown_i32;0.000;0.000
aten::to/Convert_1;Status.EXECUTED;Convert;ref_i32;0.002;0.002
aten::select/Gather_3;Status.NOT_RUN;Reshape;unknown_f32;0.000;0.000
aten::index/GatherND_3;Status.EXECUTED;GatherND;ref_any_f32;0.002;0.002
aten::index/Gather_3;Status.EXECUTED;Gather;ref_any_f32;0.002;0.002
aten::cat/Concat_1;Status.EXECUTED;Concat;ref_f32;0.004;0.004
ShapeOf_9968;Status.NOT_RUN;ShapeOf;ref_f32;0.000;0.000
Multiply_11494;Status.EXECUTED;Multiply;jit_avx2_i32;0.002;0.002
Gather_9971;Status.NOT_RUN;Gather;unknown_i32;0.000;0.000
aten::rsub/Subtract;Status.EXECUTED;Add;jit_avx2_i32;0.003;0.003
Unsqueeze_10708;Status.NOT_RUN;Reshape;unknown_i32;0.000;0.000
Concat_10709;Status.EXECUTED;Concat;ref_i32;0.002;0.002
aten::pad/Gather_5;Status.EXECUTED;Gather;ref_any_i32;0.000;0.000
aten::pad;Status.EXECUTED;Pad;ref_f32;0.004;0.004
aten::copy_/Broadcast;Status.NOT_RUN;Broadcast;ref_f32;0.001;0.001
GatherAssign_7056/Reshape_2;Status.NOT_RUN;Reshape;unknown_f32;0.000;0.000
GatherAssign_7056/ScatterNDUpdate;Status.EXECUTED;ScatterNDUpdate;unknown_f32;0.018;0.018
aten::slice/Slice_5;Status.NOT_RUN;Reshape;unknown_f32;0.000;0.000
Result_7073;Status.NOT_RUN;Result;unknown_f32;0.000;0.000
stub_0_aten::max/TopK;Status.NOT_RUN;Result;unknown_f32;0.000;0.000
stub_1_torchvision::nms/NonMaxSuppression;Status.NOT_RUN;Result;unknown_f32;0.000;0.000
stub_2_torchvision::nms/NonMaxSuppression;Status.NOT_RUN;Result;unknown_i32;0.000;0.000
Total;;;;47.573;47.573

